{"cameraMode":{"drawMode":0,"name":"Shaded","section":"Shading Mode"},"sceneLighting":false,"audioPlay":false,"sceneViewState":{"showFog":true,"showMaterialUpdate":false,"showSkybox":true,"showFlares":true,"showImageEffects":true,"showParticleSystems":true},"in2DMode":false,"pivot":{"x":-1.4270182847976685,"y":1.1757612228393555,"z":-2.8306198120117189},"rotation":{"x":0.00006782653508707881,"y":-0.973438024520874,"z":0.22895069420337678,"w":0.0002881870896089822},"size":28.689348220825197,"orthographic":false}