{"cameraMode":{"drawMode":0,"name":"Shaded","section":"Shading Mode"},"sceneLighting":false,"audioPlay":false,"sceneViewState":{"showFog":true,"showMaterialUpdate":true,"showSkybox":true,"showFlares":true,"showImageEffects":true,"showParticleSystems":true},"in2DMode":false,"pivot":{"x":25.552764892578126,"y":-0.37413883209228518,"z":-4.406160354614258},"rotation":{"x":0.3489004075527191,"y":0.0014059161767363549,"z":-0.0005234188865870237,"w":0.9371586441993713},"size":21.859172821044923,"orthographic":false}